epoch,steps,MSE
0,1000,22.704516351222992
0,2000,18.49362403154373
0,-1,17.35895723104477
1,1000,16.17143601179123
1,2000,15.532150864601135
1,-1,15.310622751712799
2,1000,15.006381273269653
2,2000,14.809326827526093
2,-1,14.773106575012207
