epoch,steps,MSE
0,1000,22.76039570569992
0,2000,18.58372539281845
0,-1,17.455047369003296
1,1000,16.28982573747635
1,2000,15.6562939286232
1,-1,15.437604486942291
2,1000,15.135616064071655
2,2000,14.94932621717453
2,-1,14.913268387317657
