epoch,steps,cosine_pearson,cosine_spearman,euclidean_pearson,euclidean_spearman,manhattan_pearson,manhattan_spearman,dot_pearson,dot_spearman
0,1000,0.4399678747978529,0.458081910345826,0.39364548961723717,0.39747218415524627,0.41348338383660005,0.4378907127075664,0.23752902023119582,0.2228300678989362
0,2000,0.6339292790973428,0.6727327884310115,0.618214841176718,0.6432265091705777,0.6149694740639652,0.6341685888410719,0.4698814529378873,0.4575756600880616
0,-1,0.6726476908276805,0.6969636094245067,0.639657402434574,0.6601976169004911,0.6401701041516586,0.6567718748373202,0.5501993287973973,0.5553177087158306
1,1000,0.7048099007138855,0.7269576879082534,0.6726861544452172,0.6855677892713694,0.6733391106017882,0.685757296771049,0.6316553535817966,0.6326152423781821
1,2000,0.7241024953277871,0.7446483859817771,0.6954739121217159,0.7015575326063912,0.6964031311129522,0.7023282476912943,0.6508269411256004,0.6515686831219838
1,-1,0.734435406226145,0.7566830732027993,0.700527631542428,0.7064113078568015,0.6988764718308279,0.7037159192406712,0.67819422643477,0.6846575382384263
2,1000,0.7343255653379442,0.7561775917381371,0.7017119410796232,0.7057974265647364,0.6998854836315608,0.7026061663977208,0.6918837561923337,0.6964954144252987
2,2000,0.7424921314509426,0.7641372911212246,0.7086421258712138,0.7124363393983341,0.7070094435090362,0.7110944110385351,0.697313645282586,0.7017581876060518
2,-1,0.7417889950477149,0.7653961898259918,0.7080892729421026,0.7119227856060993,0.7066655863758152,0.7111474577625831,0.6988710876808494,0.7018500583817584
