epoch,steps,cosine_pearson,cosine_spearman,euclidean_pearson,euclidean_spearman,manhattan_pearson,manhattan_spearman,dot_pearson,dot_spearman
0,1000,0.22348253696158177,0.26730398006508616,0.22619544901813615,0.2374874927879357,0.33390752783818617,0.3377661742562414,0.12006238066186155,0.1088449586089879
0,2000,0.5730135665520374,0.6085477899188932,0.5513595734248108,0.5708404102412975,0.5474650160141371,0.5660316093873627,0.4078529435481313,0.41782021558634397
0,-1,0.6078189066852747,0.6399833554691671,0.5681523163832114,0.5898188367609188,0.5698224826408316,0.5904342556391882,0.4922208427714891,0.4903785241705054
1,1000,0.6333072407251245,0.6582717901796107,0.5944257599420891,0.6094126821588095,0.5928817386633262,0.6064732017327472,0.5829248179287667,0.581899499015694
1,2000,0.6492730817958762,0.6700689203320691,0.6144042211740276,0.6226716723950022,0.6134618929409386,0.6224483379988281,0.603062578685238,0.605093986907494
1,-1,0.6604979243017715,0.6810907226410116,0.6227290480816794,0.6311749085013083,0.6206601730014245,0.6262061986821269,0.6256727345186005,0.6285425609195541
2,1000,0.660940428307827,0.6828758602241989,0.6219167121199878,0.6275685000591328,0.6197214264235817,0.6245974991158825,0.6355717454302334,0.6395720511595179
2,2000,0.6699203023021595,0.6891030843515963,0.629047684574169,0.6327643882399989,0.6274267440099209,0.6308078097950327,0.642944958888738,0.6470693214916635
2,-1,0.6697304506165898,0.6885484001283966,0.6303012955437282,0.6354520889251077,0.6287606120813559,0.6335154991007973,0.6429864155102226,0.645724317959456
