epoch,steps,cosine_pearson,cosine_spearman,euclidean_pearson,euclidean_spearman,manhattan_pearson,manhattan_spearman,dot_pearson,dot_spearman
0,1000,0.19111360273615893,0.17280085677666604,0.06807190990168009,0.07245298392916706,0.1343095498468775,0.14790387656015958,0.22811423757981955,0.1877565733892989
0,2000,0.5245681829753207,0.5305222091888077,0.4811475752733906,0.49683407984924066,0.4922965058344156,0.5121876468922351,0.4464150588069708,0.4268885146227288
0,-1,0.5873725026162421,0.6049798211318251,0.5315674636561794,0.5533765061329073,0.5430897118448677,0.5660196930942795,0.5288909841005555,0.5251883226461059
1,1000,0.6472188639157568,0.6659939324941345,0.5883857056159009,0.6094780295724921,0.5937746615209134,0.6101176654334791,0.6078794517979818,0.6106450575015525
1,2000,0.6673455303087137,0.6817626478122888,0.6135499245557458,0.6257430008380828,0.6225372728855416,0.633207213066836,0.6260745931814308,0.628755132212298
1,-1,0.6804376643883134,0.6943005101186667,0.619690306789382,0.6323872952233953,0.6264714990491282,0.6370880806464783,0.6508211875244139,0.6604947554344711
2,1000,0.6826777716890128,0.6972964968377368,0.6202716838655873,0.6313359706562082,0.6273502448361659,0.6368489859917104,0.6623922808375846,0.6673293261125653
2,2000,0.6948308211678123,0.7075564251824508,0.6347071572673809,0.6451796280465841,0.639869604287652,0.6506488221752639,0.66654230229932,0.6756680404950118
2,-1,0.6950311907378202,0.7084901244050094,0.6352531634520318,0.6465104089064021,0.6405391751167719,0.6504812252789955,0.666932347441515,0.6750476244615785
